{"cameraMode":{"drawMode":0,"name":"Shaded","section":"Shading Mode"},"sceneLighting":true,"audioPlay":false,"sceneViewState":{"showFog":true,"showMaterialUpdate":false,"showSkybox":true,"showFlares":true,"showImageEffects":true,"showParticleSystems":true},"in2DMode":false,"pivot":{"x":15.070213317871094,"y":-44.015625,"z":-14.374481201171875},"rotation":{"x":-0.49925923347473147,"y":0.25195398926734927,"z":-0.15443888306617738,"w":-0.8144986629486084},"size":21.34406852722168,"orthographic":true}