{"cameraMode":{"drawMode":0,"name":"Shaded","section":"Shading Mode"},"sceneLighting":true,"audioPlay":false,"sceneViewState":{"showFog":true,"showMaterialUpdate":false,"showSkybox":true,"showFlares":true,"showImageEffects":true,"showParticleSystems":true},"in2DMode":false,"pivot":{"x":1.4860204458236695,"y":67.05014038085938,"z":-1.4174168109893799},"rotation":{"x":-0.49925923347473147,"y":0.25195398926734927,"z":-0.15443888306617738,"w":-0.8144986629486084},"size":20.232675552368165,"orthographic":true}