{"cameraMode":{"drawMode":0,"name":"Shaded","section":"Shading Mode"},"sceneLighting":false,"audioPlay":false,"sceneViewState":{"showFog":true,"showMaterialUpdate":false,"showSkybox":true,"showFlares":true,"showImageEffects":true,"showParticleSystems":true},"in2DMode":false,"pivot":{"x":-15.430831909179688,"y":0.0,"z":-15.399534225463868},"rotation":{"x":-0.11401616036891937,"y":0.45136725902557375,"z":-0.058275192975997928,"w":-0.8831035494804382},"size":11.803675651550293,"orthographic":true}