{"cameraMode":{"drawMode":0,"name":"Shaded","section":"Shading Mode"},"sceneLighting":false,"audioPlay":false,"sceneViewState":{"showFog":true,"showMaterialUpdate":false,"showSkybox":true,"showFlares":true,"showImageEffects":true,"showParticleSystems":true},"in2DMode":false,"pivot":{"x":-2.299999952316284,"y":0.0,"z":-15.350000381469727},"rotation":{"x":-0.49925923347473147,"y":0.25195398926734927,"z":-0.15443888306617738,"w":-0.8144986629486084},"size":53.140506744384769,"orthographic":true}