{"cameraMode":{"drawMode":0,"name":"Shaded","section":"Shading Mode"},"sceneLighting":false,"audioPlay":false,"sceneViewState":{"showFog":true,"showMaterialUpdate":false,"showSkybox":true,"showFlares":true,"showImageEffects":true,"showParticleSystems":true},"in2DMode":false,"pivot":{"x":-16.200000762939454,"y":0.0,"z":78.80000305175781},"rotation":{"x":0.27331873774528506,"y":0.21695034205913545,"z":-0.0634194016456604,"w":0.934990644454956},"size":2.8578836917877199,"orthographic":true}