{"cameraMode":{"drawMode":0,"name":"Shaded","section":"Shading Mode"},"sceneLighting":true,"audioPlay":false,"sceneViewState":{"showFog":true,"showMaterialUpdate":false,"showSkybox":true,"showFlares":true,"showImageEffects":true,"showParticleSystems":true},"in2DMode":false,"pivot":{"x":-79.93173217773438,"y":-42.099998474121097,"z":-47.214881896972659},"rotation":{"x":0.09064602851867676,"y":0.8863087296485901,"z":-0.40959352254867556,"w":0.19614626467227937},"size":28.878406524658204,"orthographic":true}